<?xml version="1.0" encoding="UTF-8" standalone="yes" ?>
<!DOCTYPE boost_serialization>
<boost_serialization signature="serialization::archive" version="16">
<npVector class_id="0" tracking_level="0" version="0">
        <m_npVector class_id="1" tracking_level="0" version="0">
                <count>32</count>
                <item_version>0</item_version>
                <item>
                        <Key>CME_1YMU7</Key>
            <Symbol></Symbol>
                        <Frequency>1H</Frequency>
                        <Start>7.000000000e+00</Start>
                        <End>2.0500000000e+01</End>
                        <Scale>0</Scale>
                        <Intraday>0</Intraday>
                        <HoldingPeriod>2</HoldingPeriod>                                                                        
                        <OpenPassive>0</OpenPassive>
                        <ClosePassive>0</ClosePassive>
                        <MinLengthA>100</MinLengthA>
                        <RhoA>6.000000000e+00</RhoA>
                        <CushionA>1.000000047e-03</CushionA>
                        <ModeA>1</ModeA>
                        <RiskFactorA>3.000000000e+00</RiskFactorA>
                        <ClearHistoryA>0</ClearHistoryA>
                        <MultiplicityB>2</MultiplicityB>
                        <MultiplierB>2.000000000e+00</MultiplierB>
                        <StopMultiplierB>2.000000000e+00</StopMultiplierB>
                        <TargetMultiplierB>2.000000000e+00</TargetMultiplierB>
                        <RebalanceB>0</RebalanceB>
                        <ReplaceModeB>0</ReplaceModeB>
                        <MaxPositionsB>1</MaxPositionsB>           
                        <HedgedSeries2B>0</HedgedSeries2B>  
                        <Contracts>10</Contracts>            
                </item>         
                <item>
                        <Key>CME_UROU7</Key>
            <Symbol></Symbol>
                        <Frequency>1H</Frequency>
                        <Start>7.000000000e+00</Start>
                        <End>2.0500000000e+01</End>
                        <Scale>0</Scale>
                        <Intraday>0</Intraday>
                        <HoldingPeriod>2</HoldingPeriod>                                                                        
                        <OpenPassive>0</OpenPassive>
                        <ClosePassive>0</ClosePassive>
                        <MinLengthA>100</MinLengthA>
                        <RhoA>6.000000000e+00</RhoA>
                        <CushionA>1.000000047e-03</CushionA>
                        <ModeA>1</ModeA>
                        <RiskFactorA>3.000000000e+00</RiskFactorA>
                        <ClearHistoryA>0</ClearHistoryA>
                        <MultiplicityB>2</MultiplicityB>
                        <MultiplierB>2.000000000e+00</MultiplierB>
                        <StopMultiplierB>2.000000000e+00</StopMultiplierB>
                        <TargetMultiplierB>2.000000000e+00</TargetMultiplierB>
                        <RebalanceB>0</RebalanceB>
                        <ReplaceModeB>0</ReplaceModeB>
                        <MaxPositionsB>1</MaxPositionsB>           
                        <HedgedSeries2B>0</HedgedSeries2B>  
                        <Contracts>2</Contracts>            
                </item>  
                <item>
                        <Key>CME_JYU7</Key>
            <Symbol></Symbol>
                        <Frequency>1H</Frequency>
                        <Start>7.000000000e+00</Start>
                        <End>2.0500000000e+01</End>
                        <Scale>0</Scale>
                        <Intraday>0</Intraday>
                        <HoldingPeriod>100</HoldingPeriod>                                                                      
                        <OpenPassive>0</OpenPassive>
                        <ClosePassive>0</ClosePassive>
                        <MinLengthA>100</MinLengthA>
                        <RhoA>6.000000000e+00</RhoA>
                        <CushionA>1.000000047e-03</CushionA>
                        <ModeA>0</ModeA>
                        <RiskFactorA>3.000000000e+00</RiskFactorA>
                        <ClearHistoryA>0</ClearHistoryA>
                        <MultiplicityB>2</MultiplicityB>
                        <MultiplierB>2.000000000e+00</MultiplierB>
                        <StopMultiplierB>2.000000000e+00</StopMultiplierB>
                        <TargetMultiplierB>2.000000000e+00</TargetMultiplierB>
                        <RebalanceB>0</RebalanceB>
                        <ReplaceModeB>0</ReplaceModeB>
                        <MaxPositionsB>1</MaxPositionsB>           
                        <HedgedSeries2B>0</HedgedSeries2B>  
                        <Contracts>4</Contracts>            
                </item>         
                <item>
                        <Key>CME_ESU7</Key>
            <Symbol></Symbol>
                        <Frequency>1H</Frequency>
                        <Start>7.000000000e+00</Start>
                        <End>2.0500000000e+01</End>
                        <Scale>0</Scale>
                        <Intraday>0</Intraday>
                        <HoldingPeriod>2</HoldingPeriod>                                                                        
                        <OpenPassive>0</OpenPassive>
                        <ClosePassive>0</ClosePassive>
                        <MinLengthA>100</MinLengthA>
                        <RhoA>6.000000000e+00</RhoA>
                        <CushionA>1.000000047e-03</CushionA>
                        <ModeA>0</ModeA>
                        <RiskFactorA>3.000000000e+00</RiskFactorA>
                        <ClearHistoryA>0</ClearHistoryA>
                        <MultiplicityB>2</MultiplicityB>
                        <MultiplierB>2.000000000e+00</MultiplierB>
                        <StopMultiplierB>2.000000000e+00</StopMultiplierB>
                        <TargetMultiplierB>2.000000000e+00</TargetMultiplierB>
                        <RebalanceB>0</RebalanceB>
                        <ReplaceModeB>0</ReplaceModeB>
                        <MaxPositionsB>1</MaxPositionsB>           
                        <HedgedSeries2B>0</HedgedSeries2B>  
                        <Contracts>10</Contracts>            
                </item>
                <item>
                        <Key>CME_ESU7</Key>
            <Symbol></Symbol>
                        <Frequency>15m</Frequency>
                        <Start>7.000000000e+00</Start>
                        <End>2.0500000000e+01</End>
                        <Scale>0</Scale>
                        <Intraday>0</Intraday>
                        <HoldingPeriod>2</HoldingPeriod>                                                                        
                        <OpenPassive>0</OpenPassive>
                        <ClosePassive>0</ClosePassive>
                        <MinLengthA>100</MinLengthA>
                        <RhoA>6.000000000e+00</RhoA>
                        <CushionA>1.000000047e-03</CushionA>
                        <ModeA>0</ModeA>
                        <RiskFactorA>3.000000000e+00</RiskFactorA>
                        <ClearHistoryA>0</ClearHistoryA>
                        <MultiplicityB>2</MultiplicityB>
                        <MultiplierB>2.000000000e+00</MultiplierB>
                        <StopMultiplierB>2.000000000e+00</StopMultiplierB>
                        <TargetMultiplierB>2.000000000e+00</TargetMultiplierB>
                        <RebalanceB>0</RebalanceB>
                        <ReplaceModeB>0</ReplaceModeB>
                        <MaxPositionsB>1</MaxPositionsB>           
                        <HedgedSeries2B>0</HedgedSeries2B>  
                        <Contracts>5</Contracts>            
                </item>
        <item>
                        <Key>CME_NQU7</Key>
            <Symbol></Symbol>            
                        <Frequency>1H</Frequency>
            <Start>7.000000000e+00</Start>
                        <End>2.050000000e+01</End>
                        <Scale>0</Scale>
                        <Intraday>0</Intraday>
                        <HoldingPeriod>2</HoldingPeriod>
                        <OpenPassive>0</OpenPassive>
                        <ClosePassive>0</ClosePassive>
                        <MinLengthA>100</MinLengthA>
                        <RhoA>6</RhoA>
                        <CushionA>2</CushionA>
                        <ModeA>1</ModeA>
                        <RiskFactorA>3.000000000e+00</RiskFactorA>
                        <ClearHistoryA>0</ClearHistoryA>
                        <MultiplicityB>2</MultiplicityB>
                        <MultiplierB>2.000000000e+00</MultiplierB>
                        <StopMultiplierB>2.000000000e+00</StopMultiplierB>
                        <TargetMultiplierB>2.000000000e+00</TargetMultiplierB>
                        <RebalanceB>0</RebalanceB>
                        <ReplaceModeB>0</ReplaceModeB>
                        <MaxPositionsB>1</MaxPositionsB>             
                        <HedgedSeries2B>0</HedgedSeries2B>  
                        <Contracts>10</Contracts> 
        </item>
                <item>
                        <Key>CME_FVU7</Key>
            <Symbol></Symbol>            
                        <Frequency>1H</Frequency>
                        <Start>7.000000000e+00</Start>
                        <End>2.050000000e+01</End>
                        <Scale>0</Scale>
                        <Intraday>0</Intraday>
                        <HoldingPeriod>2</HoldingPeriod>                                        
                        <OpenPassive>0</OpenPassive>
                        <ClosePassive>0</ClosePassive>
                        <MinLengthA>100</MinLengthA>
                        <RhoA>6.000000000e+00</RhoA>
                        <CushionA>1.000000047e-03</CushionA>
                        <ModeA>0</ModeA>
                        <RiskFactorA>3.000000000e+00</RiskFactorA>
                        <ClearHistoryA>0</ClearHistoryA>
                        <MultiplicityB>2</MultiplicityB>
                        <MultiplierB>2.000000000e+00</MultiplierB>
                        <StopMultiplierB>2.000000000e+00</StopMultiplierB>
                        <TargetMultiplierB>2.000000000e+00</TargetMultiplierB>
                        <RebalanceB>0</RebalanceB>
                        <ReplaceModeB>0</ReplaceModeB>            
                        <MaxPositionsB>1</MaxPositionsB>             
                        <HedgedSeries2B>0</HedgedSeries2B>  
                        <Contracts>11</Contracts> 
        </item> 
                <item>
                        <Key>CME_TYU7</Key>
            <Symbol></Symbol>            
                        <Frequency>1H</Frequency>
                        <Start>7.000000000e+00</Start>
                        <End>2.050000000e+01</End>
                        <Scale>0</Scale>
                        <Intraday>0</Intraday>
                        <HoldingPeriod>2</HoldingPeriod>                        
                        <OpenPassive>0</OpenPassive>
                        <ClosePassive>0</ClosePassive>
                        <MinLengthA>100</MinLengthA>
                        <RhoA>6.000000000e+00</RhoA>
                        <CushionA>1.000000047e-03</CushionA>
                        <ModeA>1</ModeA>
                        <RiskFactorA>3.000000000e+00</RiskFactorA>
                        <ClearHistoryA>0</ClearHistoryA>
                        <MultiplicityB>2</MultiplicityB>
                        <MultiplierB>2.000000000e+00</MultiplierB>
                        <StopMultiplierB>2.000000000e+00</StopMultiplierB>
                        <TargetMultiplierB>2.000000000e+00</TargetMultiplierB>
                        <RebalanceB>0</RebalanceB>
                        <ReplaceModeB>0</ReplaceModeB>
                        <MaxPositionsB>1</MaxPositionsB>             
                        <HedgedSeries2B>0</HedgedSeries2B>  
                        <Contracts>10</Contracts> 
        </item>
                <item>
                        <Key>CME_TUU7</Key>
            <Symbol></Symbol>            
                        <Frequency>15m</Frequency>
                        <Start>7.000000000e+00</Start>
                        <End>2.050000000e+01</End>
                        <Scale>0</Scale>
                        <Intraday>0</Intraday>
                        <HoldingPeriod>2</HoldingPeriod>                        
                        <OpenPassive>0</OpenPassive>
                        <ClosePassive>1</ClosePassive>
                        <MinLengthA>100</MinLengthA>
                        <RhoA>6.000000000e+00</RhoA>
                        <CushionA>1.000000047e-03</CushionA>
                        <ModeA>1</ModeA>
                        <RiskFactorA>3.000000000e+00</RiskFactorA>
                        <ClearHistoryA>0</ClearHistoryA>
                        <MultiplicityB>2</MultiplicityB>
                        <MultiplierB>2.000000000e+00</MultiplierB>
                        <StopMultiplierB>2.000000000e+00</StopMultiplierB>
                        <TargetMultiplierB>2.000000000e+00</TargetMultiplierB>
                        <RebalanceB>0</RebalanceB>
                        <ReplaceModeB>0</ReplaceModeB>
                        <MaxPositionsB>1</MaxPositionsB>             
                        <HedgedSeries2B>0</HedgedSeries2B>  
                        <Contracts>1</Contracts> 
        </item> 
                <item>
                        <Key>CME_TNU7</Key>
            <Symbol></Symbol>            
                        <Frequency>1H</Frequency>
                        <Start>7.000000000e+00</Start>
                        <End>2.050000000e+01</End>
                        <Scale>0</Scale>
                        <Intraday>0</Intraday>
                        <HoldingPeriod>2</HoldingPeriod>                        
                        <OpenPassive>0</OpenPassive>
                        <ClosePassive>0</ClosePassive>
                        <MinLengthA>100</MinLengthA>
                        <RhoA>6.000000000e+00</RhoA>
                        <CushionA>1.000000047e-03</CushionA>
                        <ModeA>0</ModeA>
                        <RiskFactorA>3.000000000e+00</RiskFactorA>
                        <ClearHistoryA>0</ClearHistoryA>
                        <MultiplicityB>2</MultiplicityB>
                        <MultiplierB>2.000000000e+00</MultiplierB>
                        <StopMultiplierB>2.000000000e+00</StopMultiplierB>
                        <TargetMultiplierB>2.000000000e+00</TargetMultiplierB>
                        <RebalanceB>0</RebalanceB>
                        <ReplaceModeB>0</ReplaceModeB>
                        <MaxPositionsB>1</MaxPositionsB>             
                        <HedgedSeries2B>0</HedgedSeries2B>  
                        <Contracts>11</Contracts> 
        </item> 
                <item>
                        <Key>CME_AULU7</Key>
            <Symbol></Symbol>            
                        <Frequency>1H</Frequency>
                        <Start>7.000000000e+00</Start>
                        <End>2.050000000e+01</End>
                        <Scale>0</Scale>
                        <Intraday>0</Intraday>
                        <HoldingPeriod>2</HoldingPeriod>                        
                        <OpenPassive>0</OpenPassive>
                        <ClosePassive>0</ClosePassive>
                        <MinLengthA>100</MinLengthA>
                        <RhoA>6.000000000e+00</RhoA>
                        <CushionA>1.000000047e-03</CushionA>
                        <ModeA>1</ModeA>
                        <RiskFactorA>3.000000000e+00</RiskFactorA>
                        <ClearHistoryA>0</ClearHistoryA>
                        <MultiplicityB>2</MultiplicityB>
                        <MultiplierB>2.000000000e+00</MultiplierB>
                        <StopMultiplierB>2.000000000e+00</StopMultiplierB>
                        <TargetMultiplierB>2.000000000e+00</TargetMultiplierB>
                        <RebalanceB>0</RebalanceB>
                        <ReplaceModeB>0</ReplaceModeB>
                        <MaxPositionsB>1</MaxPositionsB>             
                        <HedgedSeries2B>0</HedgedSeries2B>  
                        <Contracts>10</Contracts> 
        </item>          
                <item>
                        <Key>CME_USU7</Key>
            <Symbol></Symbol>            
                        <Frequency>1H</Frequency>
                        <Start>7.000000000e+00</Start>
                        <End>2.050000000e+01</End>
                        <Scale>0</Scale>
                        <Intraday>0</Intraday>
                        <HoldingPeriod>2</HoldingPeriod>                        
                        <OpenPassive>0</OpenPassive>
                        <ClosePassive>0</ClosePassive>
                        <MinLengthA>100</MinLengthA>
                        <RhoA>6.000000000e+00</RhoA>
                        <CushionA>1.000000047e-03</CushionA>
                        <ModeA>1</ModeA>
                        <RiskFactorA>3.000000000e+00</RiskFactorA>
                        <ClearHistoryA>0</ClearHistoryA>
                        <MultiplicityB>2</MultiplicityB>
                        <MultiplierB>2.000000000e+00</MultiplierB>
                        <StopMultiplierB>2.000000000e+00</StopMultiplierB>
                        <TargetMultiplierB>2.000000000e+00</TargetMultiplierB>
                        <RebalanceB>0</RebalanceB>
                        <ReplaceModeB>0</ReplaceModeB>
                        <MaxPositionsB>1</MaxPositionsB>             
                        <HedgedSeries2B>0</HedgedSeries2B>  
                        <Contracts>10</Contracts> 
        </item>         
                <item>
                        <Key>FXOTC_EUR_USD</Key>
            <Symbol></Symbol>            
                        <Frequency>1H</Frequency>
                        <Start>7.000000000e+00</Start>
                        <End>2.050000000e+01</End>
                        <Scale>0</Scale>
                        <Intraday>0</Intraday>
                        <HoldingPeriod>2</HoldingPeriod>                        
                        <OpenPassive>0</OpenPassive>
                        <ClosePassive>0</ClosePassive>
                        <MinLengthA>100</MinLengthA>
                        <RhoA>6.000000000e+00</RhoA>
                        <CushionA>1.000000047e-03</CushionA>
                        <ModeA>1</ModeA>
                        <RiskFactorA>3.000000000e+00</RiskFactorA>
                        <ClearHistoryA>0</ClearHistoryA>
                        <MultiplicityB>2</MultiplicityB>
                        <MultiplierB>2.000000000e+00</MultiplierB>
                        <StopMultiplierB>2.000000000e+00</StopMultiplierB>
                        <TargetMultiplierB>2.000000000e+00</TargetMultiplierB>
                        <RebalanceB>0</RebalanceB>
                        <ReplaceModeB>0</ReplaceModeB>
                        <MaxPositionsB>1</MaxPositionsB>             
                        <HedgedSeries2B>0</HedgedSeries2B>  
                        <Contracts>100000</Contracts> 
        </item>
                <item>
                        <Key>FXOTC_USD_CAD</Key>
            <Symbol></Symbol>            
                        <Frequency>1H</Frequency>
                        <Start>7.000000000e+00</Start>
                        <End>2.050000000e+01</End>
                        <Scale>0</Scale>
                        <Intraday>0</Intraday>
                        <HoldingPeriod>2</HoldingPeriod>                        
                        <OpenPassive>0</OpenPassive>
                        <ClosePassive>0</ClosePassive>
                        <MinLengthA>100</MinLengthA>
                        <RhoA>6.000000000e+00</RhoA>
                        <CushionA>1.000000047e-03</CushionA>
                        <ModeA>0</ModeA>
                        <RiskFactorA>3.000000000e+00</RiskFactorA>
                        <ClearHistoryA>0</ClearHistoryA>
                        <MultiplicityB>2</MultiplicityB>
                        <MultiplierB>2.000000000e+00</MultiplierB>
                        <StopMultiplierB>2.000000000e+00</StopMultiplierB>
                        <TargetMultiplierB>2.000000000e+00</TargetMultiplierB>
                        <RebalanceB>0</RebalanceB>
                        <ReplaceModeB>0</ReplaceModeB>
                        <MaxPositionsB>1</MaxPositionsB>             
                        <HedgedSeries2B>0</HedgedSeries2B>  
                        <Contracts>100000</Contracts> 
        </item>
                <item>
                        <Key>FXOTC_USD_CHF</Key>
            <Symbol></Symbol>            
                        <Frequency>15m</Frequency>
                        <Start>7.000000000e+00</Start>
                        <End>2.050000000e+01</End>
                        <Scale>0</Scale>
                        <Intraday>0</Intraday>
                        <HoldingPeriod>2</HoldingPeriod>                        
                        <OpenPassive>0</OpenPassive>
                        <ClosePassive>0</ClosePassive>
                        <MinLengthA>100</MinLengthA>
                        <RhoA>6.000000000e+00</RhoA>
                        <CushionA>1.000000047e-03</CushionA>
                        <ModeA>0</ModeA>
                        <RiskFactorA>3.000000000e+00</RiskFactorA>
                        <ClearHistoryA>0</ClearHistoryA>
                        <MultiplicityB>2</MultiplicityB>
                        <MultiplierB>2.000000000e+00</MultiplierB>
                        <StopMultiplierB>2.000000000e+00</StopMultiplierB>
                        <TargetMultiplierB>2.000000000e+00</TargetMultiplierB>
                        <RebalanceB>0</RebalanceB>
                        <ReplaceModeB>0</ReplaceModeB>
                        <MaxPositionsB>1</MaxPositionsB>             
                        <HedgedSeries2B>0</HedgedSeries2B>  
                        <Contracts>50000</Contracts> 
        </item>                
                <item>
                        <Key>FXOTC_AUD_USD</Key>
            <Symbol></Symbol>            
                        <Frequency>1H</Frequency>
                        <Start>7.000000000e+00</Start>
                        <End>2.050000000e+01</End>
                        <Scale>0</Scale>
                        <Intraday>0</Intraday>
                        <HoldingPeriod>2</HoldingPeriod>                        
                        <OpenPassive>0</OpenPassive>
                        <ClosePassive>0</ClosePassive>
                        <MinLengthA>100</MinLengthA>
                        <RhoA>6.000000000e+00</RhoA>
                        <CushionA>1.000000047e-03</CushionA>
                        <ModeA>0</ModeA>
                        <RiskFactorA>3.000000000e+00</RiskFactorA>
                        <ClearHistoryA>0</ClearHistoryA>
                        <MultiplicityB>2</MultiplicityB>
                        <MultiplierB>2.000000000e+00</MultiplierB>
                        <StopMultiplierB>2.000000000e+00</StopMultiplierB>
                        <TargetMultiplierB>2.000000000e+00</TargetMultiplierB>
                        <RebalanceB>0</RebalanceB>
                        <ReplaceModeB>0</ReplaceModeB>
                        <MaxPositionsB>1</MaxPositionsB>             
                        <HedgedSeries2B>0</HedgedSeries2B>  
                        <Contracts>100000</Contracts> 
        </item>       
                <item>
                        <Key>FXOTC_GBP_USD</Key>
            <Symbol></Symbol>            
                        <Frequency>1H</Frequency>
                        <Start>7.000000000e+00</Start>
                        <End>2.050000000e+01</End>
                        <Scale>0</Scale>
                        <Intraday>0</Intraday>
                        <HoldingPeriod>2</HoldingPeriod>                        
                        <OpenPassive>0</OpenPassive>
                        <ClosePassive>0</ClosePassive>
                        <MinLengthA>100</MinLengthA>
                        <RhoA>6.000000000e+00</RhoA>
                        <CushionA>1.000000047e-03</CushionA>
                        <ModeA>0</ModeA>
                        <RiskFactorA>3.000000000e+00</RiskFactorA>
                        <ClearHistoryA>0</ClearHistoryA>
                        <MultiplicityB>2</MultiplicityB>
                        <MultiplierB>2.000000000e+00</MultiplierB>
                        <StopMultiplierB>2.000000000e+00</StopMultiplierB>
                        <TargetMultiplierB>2.000000000e+00</TargetMultiplierB>
                        <RebalanceB>0</RebalanceB>
                        <ReplaceModeB>0</ReplaceModeB>
                        <MaxPositionsB>1</MaxPositionsB>             
                        <HedgedSeries2B>0</HedgedSeries2B>  
                        <Contracts>100000</Contracts> 
        </item> 
                <item>
                        <Key>FXOTC_EUR_JPY</Key>
            <Symbol></Symbol>            
                        <Frequency>15m</Frequency>
                        <Start>7.000000000e+00</Start>
                        <End>2.050000000e+01</End>
                        <Scale>0</Scale>
                        <Intraday>0</Intraday>
                        <HoldingPeriod>2</HoldingPeriod>                        
                        <OpenPassive>0</OpenPassive>
                        <ClosePassive>0</ClosePassive>
                        <MinLengthA>100</MinLengthA>
                        <RhoA>6.000000000e+00</RhoA>
                        <CushionA>1.000000047e-03</CushionA>
                        <ModeA>1</ModeA>
                        <RiskFactorA>3.000000000e+00</RiskFactorA>
                        <ClearHistoryA>0</ClearHistoryA>
                        <MultiplicityB>2</MultiplicityB>
                        <MultiplierB>2.000000000e+00</MultiplierB>
                        <StopMultiplierB>2.000000000e+00</StopMultiplierB>
                        <TargetMultiplierB>2.000000000e+00</TargetMultiplierB>
                        <RebalanceB>0</RebalanceB>
                        <ReplaceModeB>0</ReplaceModeB>
                        <MaxPositionsB>1</MaxPositionsB>             
                        <HedgedSeries2B>0</HedgedSeries2B>  
                        <Contracts>50000</Contracts> 
        </item>         
                <item>
                        <Key>FXOTC_EUR_JPY</Key>
            <Symbol></Symbol>            
                        <Frequency>1H</Frequency>
                        <Start>7.000000000e+00</Start>
                        <End>2.050000000e+01</End>
                        <Scale>0</Scale>
                        <Intraday>0</Intraday>
                        <HoldingPeriod>2</HoldingPeriod>                        
                        <OpenPassive>0</OpenPassive>
                        <ClosePassive>0</ClosePassive>
                        <MinLengthA>100</MinLengthA>
                        <RhoA>6.000000000e+00</RhoA>
                        <CushionA>1.000000047e-03</CushionA>
                        <ModeA>1</ModeA>
                        <RiskFactorA>3.000000000e+00</RiskFactorA>
                        <ClearHistoryA>0</ClearHistoryA>
                        <MultiplicityB>2</MultiplicityB>
                        <MultiplierB>2.000000000e+00</MultiplierB>
                        <StopMultiplierB>2.000000000e+00</StopMultiplierB>
                        <TargetMultiplierB>2.000000000e+00</TargetMultiplierB>
                        <RebalanceB>0</RebalanceB>
                        <ReplaceModeB>0</ReplaceModeB>
                        <MaxPositionsB>1</MaxPositionsB>             
                        <HedgedSeries2B>0</HedgedSeries2B>  
                        <Contracts>100000</Contracts> 
        </item> 
                <item>
                        <Key>FXOTC_EUR_GBP</Key>
            <Symbol></Symbol>            
                        <Frequency>15m</Frequency>
                        <Start>7.000000000e+00</Start>
                        <End>2.050000000e+01</End>
                        <Scale>0</Scale>
                        <Intraday>0</Intraday>
                        <HoldingPeriod>2</HoldingPeriod>                        
                        <OpenPassive>0</OpenPassive>
                        <ClosePassive>0</ClosePassive>
                        <MinLengthA>100</MinLengthA>
                        <RhoA>6.000000000e+00</RhoA>
                        <CushionA>1.000000047e-03</CushionA>
                        <ModeA>1</ModeA>
                        <RiskFactorA>3.000000000e+00</RiskFactorA>
                        <ClearHistoryA>0</ClearHistoryA>
                        <MultiplicityB>2</MultiplicityB>
                        <MultiplierB>2.000000000e+00</MultiplierB>
                        <StopMultiplierB>2.000000000e+00</StopMultiplierB>
                        <TargetMultiplierB>2.000000000e+00</TargetMultiplierB>
                        <RebalanceB>0</RebalanceB>
                        <ReplaceModeB>0</ReplaceModeB>
                        <MaxPositionsB>1</MaxPositionsB>             
                        <HedgedSeries2B>0</HedgedSeries2B>  
                        <Contracts>50000</Contracts> 
        </item>         
        <item>
                        <Key>CME_ESM9,CME_NQM9</Key>
            <Symbol>Smith</Symbol>            
                        <Frequency>1m</Frequency>
            <Start>7.000000000e+00</Start>
                        <End>2.0500000000e+01</End>
                        <Scale>0</Scale>
                        <Intraday>0</Intraday>
                        <HoldingPeriod>2</HoldingPeriod>
                        <OpenPassive>1</OpenPassive>
                        <ClosePassive>1</ClosePassive>
                        <MinLengthA>100</MinLengthA>
                        <RhoA>6.000000000e+00</RhoA>
                        <CushionA>1.000000047e-03</CushionA>
                        <ModeA>0</ModeA>
                        <RiskFactorA>3.000000000e+00</RiskFactorA>
                        <ClearHistoryA>0</ClearHistoryA>
                        <MultiplicityB>2</MultiplicityB>
                        <MultiplierB>2</MultiplierB>
                        <StopMultiplierB>2</StopMultiplierB>
                        <TargetMultiplierB>2</TargetMultiplierB>
                        <RebalanceB>0</RebalanceB>
                        <ReplaceModeB>2</ReplaceModeB>
                        <MaxPositionsB>1</MaxPositionsB>           
                        <HedgedSeries2B>1</HedgedSeries2B>  
                        <Contracts>5</Contracts> 
        </item>
                <item>
                        <Key>CME_FVU7,CME_TYU7</Key>
            <Symbol>Hayek</Symbol>                
                        <Frequency>1m</Frequency>
            <Start>7.000000000e+00</Start>
                        <End>2.0500000000e+01</End>
                        <Scale>0</Scale>
                        <Intraday>0</Intraday>
                        <HoldingPeriod>2</HoldingPeriod>
                        <OpenPassive>1</OpenPassive>
                        <ClosePassive>1</ClosePassive>
                        <MinLengthA>100</MinLengthA>
                        <RhoA>6.000000000e+00</RhoA>
                        <CushionA>1.000000047e-03</CushionA>
                        <ModeA>0</ModeA>
                        <RiskFactorA>3.000000000e+00</RiskFactorA>
                        <ClearHistoryA>0</ClearHistoryA>
                        <MultiplicityB>2</MultiplicityB>
                        <MultiplierB>2</MultiplierB>
                        <StopMultiplierB>3</StopMultiplierB>
                        <TargetMultiplierB>3</TargetMultiplierB>
                        <RebalanceB>0</RebalanceB>
                        <ReplaceModeB>2</ReplaceModeB>
                        <MaxPositionsB>1</MaxPositionsB>
                        <HedgedSeries2B>1</HedgedSeries2B>              
                        <Contracts>10</Contracts>
                </item>            
                <item>
                        <Key>CME_TUU7,CME_USU7</Key>
            <Symbol>Keynes</Symbol>    
                        <Frequency>1m</Frequency>
            <Start>7.000000000e+00</Start>
                        <End>2.0500000000e+01</End>
                        <Scale>0</Scale>
                        <Intraday>0</Intraday>
                        <HoldingPeriod>2</HoldingPeriod>
                        <OpenPassive>1</OpenPassive>
                        <ClosePassive>1</ClosePassive>
                        <MinLengthA>100</MinLengthA>
                        <RhoA>6.000000000e+00</RhoA>
                        <CushionA>1.000000047e-03</CushionA>
                        <ModeA>0</ModeA>
                        <RiskFactorA>3.000000000e+00</RiskFactorA>
                        <ClearHistoryA>0</ClearHistoryA>
                        <MultiplicityB>2</MultiplicityB>
                        <MultiplierB>2</MultiplierB>
                        <StopMultiplierB>2</StopMultiplierB>
                        <TargetMultiplierB>2</TargetMultiplierB>
                        <RebalanceB>0</RebalanceB>
                        <ReplaceModeB>0</ReplaceModeB>
                        <MaxPositionsB>1</MaxPositionsB> 
                        <HedgedSeries2B>1</HedgedSeries2B>              
                        <Contracts>10</Contracts>
        </item>
                <item>
                        <Key>CME_TUU7,CME_TYU7</Key>
            <Symbol>Friedman</Symbol>                
                        <Frequency>1m</Frequency>
            <Start>7.000000000e+00</Start>
                        <End>2.0500000000e+01</End>
                        <Scale>0</Scale>
                        <Intraday>0</Intraday>
                        <HoldingPeriod>2</HoldingPeriod>
                        <OpenPassive>1</OpenPassive>
                        <ClosePassive>1</ClosePassive>
                        <MinLengthA>100</MinLengthA>
                        <RhoA>6.000000000e+00</RhoA>
                        <CushionA>1.000000047e-03</CushionA>
                        <ModeA>0</ModeA>
                        <RiskFactorA>3.000000000e+00</RiskFactorA>
                        <ClearHistoryA>0</ClearHistoryA>
                        <MultiplicityB>2</MultiplicityB>
                        <MultiplierB>3</MultiplierB>
                        <StopMultiplierB>4</StopMultiplierB>
                        <TargetMultiplierB>4</TargetMultiplierB>
                        <RebalanceB>0</RebalanceB>
                        <ReplaceModeB>2</ReplaceModeB>
                        <MaxPositionsB>1</MaxPositionsB>
                        <HedgedSeries2B>1</HedgedSeries2B>              
                        <Contracts>10</Contracts>
        </item>
                <item>
                        <Key>CME_FVU7,CME_USU7</Key>
            <Symbol>Marx</Symbol>                
                        <Frequency>1m</Frequency>
            <Start>7.000000000e+00</Start>
                        <End>2.0500000000e+01</End>
                        <Scale>0</Scale>
                        <Intraday>0</Intraday>
                        <HoldingPeriod>2</HoldingPeriod>
                        <OpenPassive>1</OpenPassive>
                        <ClosePassive>1</ClosePassive>
                        <MinLengthA>100</MinLengthA>
                        <RhoA>6.000000000e+00</RhoA>
                        <CushionA>1.000000047e-03</CushionA>
                        <ModeA>0</ModeA>
                        <RiskFactorA>3.000000000e+00</RiskFactorA>
                        <ClearHistoryA>0</ClearHistoryA>
                        <MultiplicityB>2</MultiplicityB>
                        <MultiplierB>2</MultiplierB>
                        <StopMultiplierB>4</StopMultiplierB>
                        <TargetMultiplierB>4</TargetMultiplierB>
                        <RebalanceB>0</RebalanceB>
                        <ReplaceModeB>0</ReplaceModeB>
                        <MaxPositionsB>1</MaxPositionsB> 
                        <HedgedSeries2B>1</HedgedSeries2B>              
                        <Contracts>10</Contracts>
        </item>         
                <item>
                        <Key>CME_TYU7,CME_USU7</Key>
            <Symbol>Nash</Symbol>                
                        <Frequency>1m</Frequency>
            <Start>7.000000000e+00</Start>
                        <End>2.0500000000e+01</End>
                        <Scale>0</Scale>
                        <Intraday>0</Intraday>
                        <HoldingPeriod>2</HoldingPeriod>
                        <OpenPassive>1</OpenPassive>
                        <ClosePassive>1</ClosePassive>
                        <MinLengthA>100</MinLengthA>
                        <RhoA>6.000000000e+00</RhoA>
                        <CushionA>1.000000047e-03</CushionA>
                        <ModeA>0</ModeA>
                        <RiskFactorA>3.000000000e+00</RiskFactorA>
                        <ClearHistoryA>0</ClearHistoryA>
                        <MultiplicityB>2</MultiplicityB>
                        <MultiplierB>2</MultiplierB>
                        <StopMultiplierB>3</StopMultiplierB>
                        <TargetMultiplierB>3</TargetMultiplierB>
                        <RebalanceB>0</RebalanceB>
                        <ReplaceModeB>0</ReplaceModeB>
                        <MaxPositionsB>1</MaxPositionsB> 
                        <HedgedSeries2B>1</HedgedSeries2B>              
                        <Contracts>10</Contracts>
        </item>        
                <item>
                        <Key>CME_ESM9,CME_1YMM9</Key>
            <Symbol>Buffet</Symbol>                
                        <Frequency>1m</Frequency>
            <Start>7.000000000e+00</Start>
                        <End>2.0500000000e+01</End>
                        <Scale>0</Scale>
                        <Intraday>0</Intraday>
                        <HoldingPeriod>2</HoldingPeriod>
                        <OpenPassive>0</OpenPassive>
                        <ClosePassive>1</ClosePassive>
                        <MinLengthA>100</MinLengthA>
                        <RhoA>6.000000000e+00</RhoA>
                        <CushionA>1.000000047e-03</CushionA>
                        <ModeA>0</ModeA>
                        <RiskFactorA>3.000000000e+00</RiskFactorA>
                        <ClearHistoryA>0</ClearHistoryA>
                        <MultiplicityB>2</MultiplicityB>
                        <MultiplierB>2</MultiplierB>
                        <StopMultiplierB>2</StopMultiplierB>
                        <TargetMultiplierB>2</TargetMultiplierB>
                        <RebalanceB>0</RebalanceB>
                        <ReplaceModeB>2</ReplaceModeB>
                        <MaxPositionsB>1</MaxPositionsB> 
                        <HedgedSeries2B>1</HedgedSeries2B>              
                        <Contracts>5</Contracts>            
                </item> 
                <item>
                        <Key>CME_TNU7,CME_AULU7</Key>
            <Symbol>Bernanke</Symbol>                
                        <Frequency>1m</Frequency>
            <Start>7.000000000e+00</Start>
                        <End>2.0500000000e+01</End>
                        <Scale>0</Scale>
                        <Intraday>0</Intraday>
                        <HoldingPeriod>2</HoldingPeriod>
                        <OpenPassive>0</OpenPassive>
                        <ClosePassive>1</ClosePassive>
                        <MinLengthA>100</MinLengthA>
                        <RhoA>6.000000000e+00</RhoA>
                        <CushionA>1.000000047e-03</CushionA>
                        <ModeA>0</ModeA>
                        <RiskFactorA>3.000000000e+00</RiskFactorA>
                        <ClearHistoryA>0</ClearHistoryA>
                        <MultiplicityB>2</MultiplicityB>
                        <MultiplierB>2</MultiplierB>
                        <StopMultiplierB>4</StopMultiplierB>
                        <TargetMultiplierB>4</TargetMultiplierB>
                        <RebalanceB>0</RebalanceB>
                        <ReplaceModeB>0</ReplaceModeB>
                        <MaxPositionsB>1</MaxPositionsB> 
                        <HedgedSeries2B>1</HedgedSeries2B>              
                        <Contracts>10</Contracts>            
                </item> 
        <item>
            <Key>CME_CLU7</Key>
            <Symbol> </Symbol>
                        <Frequency>1H</Frequency>            
            <Start>7.000000000e+00</Start>
            <End>2.0500000000e+01</End>
            <Scale>0</Scale>
            <Intraday>0</Intraday>
            <HoldingPeriod>2</HoldingPeriod>
            <OpenPassive>0</OpenPassive>
            <ClosePassive>0</ClosePassive>
            <MinLengthA>100</MinLengthA>
            <RhoA>6.000000000e+00</RhoA>
            <CushionA>1.000000047e-03</CushionA>
            <ModeA>1</ModeA>
            <RiskFactorA>3.000000000e+00</RiskFactorA>
            <ClearHistoryA>0</ClearHistoryA>
            <MultiplicityB>2</MultiplicityB>
            <MultiplierB>2.000000000e+00</MultiplierB>
            <StopMultiplierB>2.000000000e+00</StopMultiplierB>
            <TargetMultiplierB>2.000000000e+00</TargetMultiplierB>
            <RebalanceB>0</RebalanceB>
            <ReplaceModeB>0</ReplaceModeB>
            <MaxPositionsB>2</MaxPositionsB>
            <HedgedSeries2B>1</HedgedSeries2B>
            <Contracts>2</Contracts>
        </item>
        <item>
            <Key>CME_CLU7</Key>
            <Symbol> </Symbol>
                        <Frequency>15m</Frequency>            
            <Start>7.000000000e+00</Start>
            <End>2.0500000000e+01</End>
            <Scale>0</Scale>
            <Intraday>0</Intraday>
            <HoldingPeriod>2</HoldingPeriod>
            <OpenPassive>0</OpenPassive>
            <ClosePassive>0</ClosePassive>
            <MinLengthA>100</MinLengthA>
            <RhoA>6.000000000e+00</RhoA>
            <CushionA>1.000000047e-03</CushionA>
            <ModeA>0</ModeA>
            <RiskFactorA>3.000000000e+00</RiskFactorA>
            <ClearHistoryA>0</ClearHistoryA>
            <MultiplicityB>2</MultiplicityB>
            <MultiplierB>2.000000000e+00</MultiplierB>
            <StopMultiplierB>2.000000000e+00</StopMultiplierB>
            <TargetMultiplierB>2.000000000e+00</TargetMultiplierB>
            <RebalanceB>0</RebalanceB>
            <ReplaceModeB>0</ReplaceModeB>
            <MaxPositionsB>2</MaxPositionsB>
            <HedgedSeries2B>1</HedgedSeries2B>
            <Contracts>1</Contracts>
        </item>        
        <item>
            <Key>CME_GCU7</Key>
            <Symbol> </Symbol>
                        <Frequency>1H</Frequency>            
            <Start>7.000000000e+00</Start>
            <End>2.0500000000e+01</End>
            <Scale>0</Scale>
            <Intraday>0</Intraday>
            <HoldingPeriod>2</HoldingPeriod>
            <OpenPassive>0</OpenPassive>
            <ClosePassive>0</ClosePassive>
            <MinLengthA>100</MinLengthA>
            <RhoA>6.000000000e+00</RhoA>
            <CushionA>1.000000047e-03</CushionA>
            <ModeA>1</ModeA>
            <RiskFactorA>3.000000000e+00</RiskFactorA>
            <ClearHistoryA>0</ClearHistoryA>
            <MultiplicityB>2</MultiplicityB>
            <MultiplierB>2.000000000e+00</MultiplierB>
            <StopMultiplierB>2.000000000e+00</StopMultiplierB>
            <TargetMultiplierB>2.000000000e+00</TargetMultiplierB>
            <RebalanceB>0</RebalanceB>
            <ReplaceModeB>0</ReplaceModeB>
            <MaxPositionsB>2</MaxPositionsB>
            <HedgedSeries2B>1</HedgedSeries2B>
            <Contracts>3</Contracts>
                </item>
        <item>
            <Key>CME_GCU7</Key>
            <Symbol> </Symbol>
                        <Frequency>15m</Frequency>            
            <Start>7.000000000e+00</Start>
            <End>2.0500000000e+01</End>
            <Scale>0</Scale>
            <Intraday>0</Intraday>
            <HoldingPeriod>2</HoldingPeriod>
            <OpenPassive>0</OpenPassive>
            <ClosePassive>0</ClosePassive>
            <MinLengthA>100</MinLengthA>
            <RhoA>6.000000000e+00</RhoA>
            <CushionA>1.000000047e-03</CushionA>
            <ModeA>0</ModeA>
            <RiskFactorA>3.000000000e+00</RiskFactorA>
            <ClearHistoryA>0</ClearHistoryA>
            <MultiplicityB>2</MultiplicityB>
            <MultiplierB>2.000000000e+00</MultiplierB>
            <StopMultiplierB>2.000000000e+00</StopMultiplierB>
            <TargetMultiplierB>2.000000000e+00</TargetMultiplierB>
            <RebalanceB>0</RebalanceB>
            <ReplaceModeB>0</ReplaceModeB>
            <MaxPositionsB>2</MaxPositionsB>
            <HedgedSeries2B>1</HedgedSeries2B>
            <Contracts>1</Contracts>
                </item>          
        </m_npVector>
</npVector>
</boost_serialization>

