<boost_serialization signature="serialization::archive" version="16">
<npVector class_id="0" tracking_level="0" version="0">
	<m_npVector class_id="1" tracking_level="0" version="0">
		<count>33</count>
		<item_version>0</item_version>
		<item class_id="2" tracking_level="0" version="0">
			<Key>CME_CLU7</Key>
			<Symbol> </Symbol><Start>1.000000000e+00</Start>
			<End>1.550000000e+01</End>
			<Scale>0</Scale>
			<Intraday>0</Intraday>
			<HoldingPeriod>2</HoldingPeriod>
			<OpenPassive>0</OpenPassive>
			<ClosePassive>0</ClosePassive>
			<MinLengthA>100</MinLengthA>
			<RhoA>6.000000000e+00</RhoA>
			<CushionA>1.000000047e-03</CushionA>
			<ModeA>0</ModeA>
			<RiskFactorA>3.000000000e+00</RiskFactorA>
			<ClearHistoryA>1</ClearHistoryA>
			<MultiplicityB>2</MultiplicityB>
			<MultiplierB>2.000000000e+00</MultiplierB>
			<StopMultiplierB>2.000000000e+00</StopMultiplierB>
			<TargetMultiplierB>2.000000000e+00</TargetMultiplierB>
			<RebalanceB>0</RebalanceB>
		<ReplaceModeB>0</ReplaceModeB><MaxPositionsB>2</MaxPositionsB><HedgedSeries2B>1</HedgedSeries2B><Contracts>10</Contracts></item>
                <item>
                  <Key>CME_LCOU7</Key>
                        <Symbol> </Symbol><Start>1.000000000e+00</Start>
                        <End>1.550000000e+01</End>
                        <Scale>0</Scale>
                        <Intraday>0</Intraday>
                        <HoldingPeriod>2</HoldingPeriod>
                        <OpenPassive>0</OpenPassive>
                        <ClosePassive>0</ClosePassive>
                        <MinLengthA>100</MinLengthA>
                        <RhoA>6.000000000e+00</RhoA>
                        <CushionA>1.000000047e-03</CushionA>
                        <ModeA>0</ModeA>
                        <RiskFactorA>3.000000000e+00</RiskFactorA>
                        <ClearHistoryA>1</ClearHistoryA>
                        <MultiplicityB>2</MultiplicityB>
                        <MultiplierB>2.000000000e+00</MultiplierB>
                        <StopMultiplierB>2.000000000e+00</StopMultiplierB>
                        <TargetMultiplierB>2.000000000e+00</TargetMultiplierB>
                        <RebalanceB>0</RebalanceB>
                <ReplaceModeB>0</ReplaceModeB><MaxPositionsB>2</MaxPositionsB><HedgedSeries2B>1</HedgedSeries2B><Contracts>10</Contracts></item>
		<item>
			<Key>FXOTC_USD_CAD</Key>
			<Symbol> </Symbol><Start>1.000000000e+00</Start>
			<End>1.550000000e+01</End>
			<Scale>0</Scale>
			<Intraday>0</Intraday>
			<HoldingPeriod>2</HoldingPeriod>
			<OpenPassive>0</OpenPassive>
			<ClosePassive>0</ClosePassive>
			<MinLengthA>100</MinLengthA>
			<RhoA>6.000000000e+00</RhoA>
			<CushionA>1.000000047e-03</CushionA>
			<ModeA>0</ModeA>
			<RiskFactorA>3.000000000e+00</RiskFactorA>
			<ClearHistoryA>1</ClearHistoryA>
			<MultiplicityB>2</MultiplicityB>
			<MultiplierB>2.000000000e+00</MultiplierB>
			<StopMultiplierB>2.000000000e+00</StopMultiplierB>
			<TargetMultiplierB>2.000000000e+00</TargetMultiplierB>
			<RebalanceB>0</RebalanceB>
		<ReplaceModeB>0</ReplaceModeB><MaxPositionsB>2</MaxPositionsB><HedgedSeries2B>1</HedgedSeries2B><Contracts>10</Contracts></item>
		<item>
			<Key>FXOTC_EUR_USD</Key>
			<Symbol> </Symbol><Start>1.000000000e+00</Start>
			<End>1.550000000e+01</End>
			<Scale>0</Scale>
			<Intraday>0</Intraday>
			<HoldingPeriod>2</HoldingPeriod>
			<OpenPassive>0</OpenPassive>
			<ClosePassive>0</ClosePassive>
			<MinLengthA>100</MinLengthA>
			<RhoA>6.000000000e+00</RhoA>
			<CushionA>1.000000047e-03</CushionA>
			<ModeA>0</ModeA>
			<RiskFactorA>3.000000000e+00</RiskFactorA>
			<ClearHistoryA>1</ClearHistoryA>
			<MultiplicityB>2</MultiplicityB>
			<MultiplierB>2.000000000e+00</MultiplierB>
			<StopMultiplierB>2.000000000e+00</StopMultiplierB>
			<TargetMultiplierB>2.000000000e+00</TargetMultiplierB>
			<RebalanceB>0</RebalanceB>
		<ReplaceModeB>0</ReplaceModeB><MaxPositionsB>2</MaxPositionsB><HedgedSeries2B>1</HedgedSeries2B><Contracts>10</Contracts></item>
		<item>
			<Key>FXOTC_USD_JPY</Key>
			<Symbol> </Symbol><Start>1.000000000e+00</Start>
			<End>1.550000000e+01</End>
			<Scale>0</Scale>
			<Intraday>0</Intraday>
			<HoldingPeriod>2</HoldingPeriod>
			<OpenPassive>0</OpenPassive>
			<ClosePassive>0</ClosePassive>
			<MinLengthA>100</MinLengthA>
			<RhoA>6.000000000e+00</RhoA>
			<CushionA>1.000000047e-03</CushionA>
			<ModeA>0</ModeA>
			<RiskFactorA>3.000000000e+00</RiskFactorA>
			<ClearHistoryA>1</ClearHistoryA>
			<MultiplicityB>2</MultiplicityB>
			<MultiplierB>2.000000000e+00</MultiplierB>
			<StopMultiplierB>2.000000000e+00</StopMultiplierB>
			<TargetMultiplierB>2.000000000e+00</TargetMultiplierB>
			<RebalanceB>0</RebalanceB>
		<ReplaceModeB>0</ReplaceModeB><MaxPositionsB>2</MaxPositionsB><HedgedSeries2B>1</HedgedSeries2B><Contracts>10</Contracts></item>
		<item>
			<Key>FXOTC_EUR_GBP</Key>
			<Symbol> </Symbol><Start>1.000000000e+00</Start>
			<End>1.550000000e+01</End>
			<Scale>0</Scale>
			<Intraday>0</Intraday>
			<HoldingPeriod>2</HoldingPeriod>
			<OpenPassive>0</OpenPassive>
			<ClosePassive>0</ClosePassive>
			<MinLengthA>100</MinLengthA>
			<RhoA>6.000000000e+00</RhoA>
			<CushionA>1.000000047e-03</CushionA>
			<ModeA>0</ModeA>
			<RiskFactorA>3.000000000e+00</RiskFactorA>
			<ClearHistoryA>1</ClearHistoryA>
			<MultiplicityB>2</MultiplicityB>
			<MultiplierB>2.000000000e+00</MultiplierB>
			<StopMultiplierB>2.000000000e+00</StopMultiplierB>
			<TargetMultiplierB>2.000000000e+00</TargetMultiplierB>
			<RebalanceB>0</RebalanceB>
		<ReplaceModeB>0</ReplaceModeB><MaxPositionsB>2</MaxPositionsB><HedgedSeries2B>1</HedgedSeries2B><Contracts>10</Contracts></item>
		<item>
			<Key>FXOTC_EUR_JPY</Key>
			<Symbol> </Symbol><Start>1.000000000e+00</Start>
			<End>1.550000000e+01</End>
			<Scale>0</Scale>
			<Intraday>0</Intraday>
			<HoldingPeriod>2</HoldingPeriod>
			<OpenPassive>0</OpenPassive>
			<ClosePassive>0</ClosePassive>
			<MinLengthA>100</MinLengthA>
			<RhoA>6.000000000e+00</RhoA>
			<CushionA>1.000000047e-03</CushionA>
			<ModeA>0</ModeA>
			<RiskFactorA>3.000000000e+00</RiskFactorA>
			<ClearHistoryA>1</ClearHistoryA>
			<MultiplicityB>2</MultiplicityB>
			<MultiplierB>2.000000000e+00</MultiplierB>
			<StopMultiplierB>2.000000000e+00</StopMultiplierB>
			<TargetMultiplierB>2.000000000e+00</TargetMultiplierB>
			<RebalanceB>0</RebalanceB>
		<ReplaceModeB>0</ReplaceModeB><MaxPositionsB>2</MaxPositionsB><HedgedSeries2B>1</HedgedSeries2B><Contracts>10</Contracts></item>
		<item>
			<Key>FXOTC_USD_CHF</Key>
			<Symbol> </Symbol><Start>1.000000000e+00</Start>
			<End>1.550000000e+01</End>
			<Scale>0</Scale>
			<Intraday>0</Intraday>
			<HoldingPeriod>2</HoldingPeriod>
			<OpenPassive>0</OpenPassive>
			<ClosePassive>0</ClosePassive>
			<MinLengthA>100</MinLengthA>
			<RhoA>6.000000000e+00</RhoA>
			<CushionA>1.000000047e-03</CushionA>
			<ModeA>0</ModeA>
			<RiskFactorA>3.000000000e+00</RiskFactorA>
			<ClearHistoryA>1</ClearHistoryA>
			<MultiplicityB>2</MultiplicityB>
			<MultiplierB>2.000000000e+00</MultiplierB>
			<StopMultiplierB>2.000000000e+00</StopMultiplierB>
			<TargetMultiplierB>2.000000000e+00</TargetMultiplierB>
			<RebalanceB>0</RebalanceB>
		<ReplaceModeB>0</ReplaceModeB><MaxPositionsB>2</MaxPositionsB><HedgedSeries2B>1</HedgedSeries2B><Contracts>10</Contracts></item>
		<item>
			<Key>FXOTC_GBP_USD</Key>
			<Symbol> </Symbol><Start>1.000000000e+00</Start>
			<End>1.550000000e+01</End>
			<Scale>0</Scale>
			<Intraday>0</Intraday>
			<HoldingPeriod>2</HoldingPeriod>
			<OpenPassive>0</OpenPassive>
			<ClosePassive>0</ClosePassive>
			<MinLengthA>100</MinLengthA>
			<RhoA>6.000000000e+00</RhoA>
			<CushionA>1.000000047e-03</CushionA>
			<ModeA>0</ModeA>
			<RiskFactorA>3.000000000e+00</RiskFactorA>
			<ClearHistoryA>1</ClearHistoryA>
			<MultiplicityB>2</MultiplicityB>
			<MultiplierB>2.000000000e+00</MultiplierB>
			<StopMultiplierB>2.000000000e+00</StopMultiplierB>
			<TargetMultiplierB>2.000000000e+00</TargetMultiplierB>
			<RebalanceB>0</RebalanceB>
		<ReplaceModeB>0</ReplaceModeB><MaxPositionsB>2</MaxPositionsB><HedgedSeries2B>1</HedgedSeries2B><Contracts>10</Contracts></item>
		<item>
			<Key>FXOTC_AUD_USD</Key>
			<Symbol> </Symbol><Start>1.000000000e+00</Start>
			<End>1.550000000e+01</End>
			<Scale>0</Scale>
			<Intraday>0</Intraday>
			<HoldingPeriod>2</HoldingPeriod>
			<OpenPassive>0</OpenPassive>
			<ClosePassive>0</ClosePassive>
			<MinLengthA>100</MinLengthA>
			<RhoA>6.000000000e+00</RhoA>
			<CushionA>1.000000047e-03</CushionA>
			<ModeA>0</ModeA>
			<RiskFactorA>3.000000000e+00</RiskFactorA>
			<ClearHistoryA>1</ClearHistoryA>
			<MultiplicityB>2</MultiplicityB>
			<MultiplierB>2.000000000e+00</MultiplierB>
			<StopMultiplierB>2.000000000e+00</StopMultiplierB>
			<TargetMultiplierB>2.000000000e+00</TargetMultiplierB>
			<RebalanceB>0</RebalanceB>
		<ReplaceModeB>0</ReplaceModeB><MaxPositionsB>2</MaxPositionsB><HedgedSeries2B>1</HedgedSeries2B><Contracts>10</Contracts></item>
		<item>
			<Key>XPAR_FCE,XEUR_FDX</Key>
			<Symbol> </Symbol><Start>1.000000000e+00</Start>
			<End>1.550000000e+01</End>
			<Scale>0</Scale>
			<Intraday>0</Intraday>
			<HoldingPeriod>2</HoldingPeriod>
			<OpenPassive>0</OpenPassive>
			<ClosePassive>0</ClosePassive>
			<MinLengthA>100</MinLengthA>
			<RhoA>6.000000000e+00</RhoA>
			<CushionA>1.000000047e-03</CushionA>
			<ModeA>0</ModeA>
			<RiskFactorA>3.000000000e+00</RiskFactorA>
			<ClearHistoryA>1</ClearHistoryA>
			<MultiplicityB>2</MultiplicityB>
			<MultiplierB>2.000000000e+00</MultiplierB>
			<StopMultiplierB>2.000000000e+00</StopMultiplierB>
			<TargetMultiplierB>2.000000000e+00</TargetMultiplierB>
			<RebalanceB>0</RebalanceB>
		<ReplaceModeB>0</ReplaceModeB><MaxPositionsB>2</MaxPositionsB><HedgedSeries2B>1</HedgedSeries2B><Contracts>10</Contracts></item>
		<item>
			<Key>XPAR_FCE</Key>
			<Symbol> </Symbol><Start>1.000000000e+00</Start>
			<End>1.550000000e+01</End>
			<Scale>0</Scale>
			<Intraday>0</Intraday>
			<HoldingPeriod>2</HoldingPeriod>
			<OpenPassive>0</OpenPassive>
			<ClosePassive>0</ClosePassive>
			<MinLengthA>100</MinLengthA>
			<RhoA>6.000000000e+00</RhoA>
			<CushionA>1.000000047e-03</CushionA>
			<ModeA>0</ModeA>
			<RiskFactorA>3.000000000e+00</RiskFactorA>
			<ClearHistoryA>1</ClearHistoryA>
			<MultiplicityB>2</MultiplicityB>
			<MultiplierB>2.000000000e+00</MultiplierB>
			<StopMultiplierB>2.000000000e+00</StopMultiplierB>
			<TargetMultiplierB>2.000000000e+00</TargetMultiplierB>
			<RebalanceB>0</RebalanceB>
		<ReplaceModeB>0</ReplaceModeB><MaxPositionsB>2</MaxPositionsB><HedgedSeries2B>1</HedgedSeries2B><Contracts>10</Contracts></item>
		<item>
			<Key>XEUR_FDX</Key>
			<Symbol> </Symbol><Start>1.000000000e+00</Start>
			<End>1.550000000e+01</End>
			<Scale>0</Scale>
			<Intraday>0</Intraday>
			<HoldingPeriod>2</HoldingPeriod>
			<OpenPassive>0</OpenPassive>
			<ClosePassive>0</ClosePassive>
			<MinLengthA>100</MinLengthA>
			<RhoA>6.000000000e+00</RhoA>
			<CushionA>1.000000047e-03</CushionA>
			<ModeA>0</ModeA>
			<RiskFactorA>3.000000000e+00</RiskFactorA>
			<ClearHistoryA>1</ClearHistoryA>
			<MultiplicityB>2</MultiplicityB>
			<MultiplierB>2.000000000e+00</MultiplierB>
			<StopMultiplierB>2.000000000e+00</StopMultiplierB>
			<TargetMultiplierB>2.000000000e+00</TargetMultiplierB>
			<RebalanceB>0</RebalanceB>
		<ReplaceModeB>0</ReplaceModeB><MaxPositionsB>2</MaxPositionsB><HedgedSeries2B>1</HedgedSeries2B><Contracts>10</Contracts></item>
		<item>
			<Key>CME_ESU7,CME_NQU7</Key>
			<Symbol>Smith</Symbol><Start>1.000000000e+00</Start>
			<End>1.550000000e+01</End>
			<Scale>0</Scale>
			<Intraday>0</Intraday>
			<HoldingPeriod>2</HoldingPeriod>
			<OpenPassive>0</OpenPassive>
			<ClosePassive>0</ClosePassive>
			<MinLengthA>100</MinLengthA>
			<RhoA>6.000000000e+00</RhoA>
			<CushionA>1.000000047e-03</CushionA>
			<ModeA>0</ModeA>
			<RiskFactorA>3.000000000e+00</RiskFactorA>
			<ClearHistoryA>1</ClearHistoryA>
			<MultiplicityB>2</MultiplicityB>
			<MultiplierB>2.000000000e+00</MultiplierB>
			<StopMultiplierB>2.000000000e+00</StopMultiplierB>
			<TargetMultiplierB>2.000000000e+00</TargetMultiplierB>
			<RebalanceB>0</RebalanceB>
		<ReplaceModeB>0</ReplaceModeB><MaxPositionsB>1</MaxPositionsB><HedgedSeries2B>1</HedgedSeries2B><Contracts>100</Contracts></item>
		<item>
			<Key>CME_ESU7</Key>
			<Symbol> </Symbol><Start>1.000000000e+00</Start>
			<End>1.550000000e+01</End>
			<Scale>0</Scale>
			<Intraday>0</Intraday>
			<HoldingPeriod>2</HoldingPeriod>
			<OpenPassive>0</OpenPassive>
			<ClosePassive>0</ClosePassive>
			<MinLengthA>100</MinLengthA>
			<RhoA>6.000000000e+00</RhoA>
			<CushionA>1.000000047e-03</CushionA>
			<ModeA>0</ModeA>
			<RiskFactorA>3.000000000e+00</RiskFactorA>
			<ClearHistoryA>1</ClearHistoryA>
			<MultiplicityB>2</MultiplicityB>
			<MultiplierB>2.000000000e+00</MultiplierB>
			<StopMultiplierB>2.000000000e+00</StopMultiplierB>
			<TargetMultiplierB>2.000000000e+00</TargetMultiplierB>
			<RebalanceB>0</RebalanceB>
		<ReplaceModeB>0</ReplaceModeB><MaxPositionsB>2</MaxPositionsB><HedgedSeries2B>1</HedgedSeries2B><Contracts>10</Contracts></item>
		<item>
			<Key>CME_NQU7</Key>
			<Symbol> </Symbol><Start>1.000000000e+00</Start>
			<End>1.550000000e+01</End>
			<Scale>0</Scale>
			<Intraday>0</Intraday>
			<HoldingPeriod>2</HoldingPeriod>
			<OpenPassive>0</OpenPassive>
			<ClosePassive>0</ClosePassive>
			<MinLengthA>100</MinLengthA>
			<RhoA>6.000000000e+00</RhoA>
			<CushionA>1.000000047e-03</CushionA>
			<ModeA>0</ModeA>
			<RiskFactorA>3.000000000e+00</RiskFactorA>
			<ClearHistoryA>1</ClearHistoryA>
			<MultiplicityB>2</MultiplicityB>
			<MultiplierB>2.000000000e+00</MultiplierB>
			<StopMultiplierB>2.000000000e+00</StopMultiplierB>
			<TargetMultiplierB>2.000000000e+00</TargetMultiplierB>
			<RebalanceB>0</RebalanceB>
		<ReplaceModeB>0</ReplaceModeB><MaxPositionsB>2</MaxPositionsB><HedgedSeries2B>1</HedgedSeries2B><Contracts>10</Contracts></item>
                <item>
                        <Key>CME_CLU7,CME_LCOU7</Key>
                        <Symbol>Kondratiev</Symbol><Start>1.000000000e+00</Start>
                        <End>1.550000000e+01</End>
                        <Scale>0</Scale>
                        <Intraday>0</Intraday>
                        <HoldingPeriod>2</HoldingPeriod>
                        <OpenPassive>0</OpenPassive>
                        <ClosePassive>0</ClosePassive>
                        <MinLengthA>100</MinLengthA>
                        <RhoA>6.000000000e+00</RhoA>
                        <CushionA>1.000000047e-03</CushionA>
                        <ModeA>0</ModeA>
                        <RiskFactorA>3.000000000e+00</RiskFactorA>
                        <ClearHistoryA>1</ClearHistoryA>
                        <MultiplicityB>2</MultiplicityB>
                        <MultiplierB>2.000000000e+00</MultiplierB>
                        <StopMultiplierB>2.000000000e+00</StopMultiplierB>
                        <TargetMultiplierB>2.000000000e+00</TargetMultiplierB>
                        <RebalanceB>0</RebalanceB>
                <ReplaceModeB>0</ReplaceModeB><MaxPositionsB>1</MaxPositionsB><HedgedSeries2B>0</HedgedSeries2B><Contracts>0</Contracts></item>
		<item>
			<Key>CME_ESU7,CME_1YMU7</Key>
			<Symbol>Buffet</Symbol><Start>1.000000000e+00</Start>
			<End>1.550000000e+01</End>
			<Scale>0</Scale>
			<Intraday>0</Intraday>
			<HoldingPeriod>2</HoldingPeriod>
			<OpenPassive>0</OpenPassive>
			<ClosePassive>0</ClosePassive>
			<MinLengthA>100</MinLengthA>
			<RhoA>6.000000000e+00</RhoA>
			<CushionA>1.000000047e-03</CushionA>
			<ModeA>0</ModeA>
			<RiskFactorA>3.000000000e+00</RiskFactorA>
			<ClearHistoryA>1</ClearHistoryA>
			<MultiplicityB>2</MultiplicityB>
			<MultiplierB>2.000000000e+00</MultiplierB>
			<StopMultiplierB>2.000000000e+00</StopMultiplierB>
			<TargetMultiplierB>2.000000000e+00</TargetMultiplierB>
			<RebalanceB>0</RebalanceB>
		<ReplaceModeB>0</ReplaceModeB><MaxPositionsB>1</MaxPositionsB><HedgedSeries2B>1</HedgedSeries2B><Contracts>100</Contracts></item>
		<item>
			<Key>CME_1YMU7</Key>
			<Symbol> </Symbol><Start>1.000000000e+00</Start>
			<End>1.550000000e+01</End>
			<Scale>0</Scale>
			<Intraday>0</Intraday>
			<HoldingPeriod>2</HoldingPeriod>
			<OpenPassive>0</OpenPassive>
			<ClosePassive>0</ClosePassive>
			<MinLengthA>100</MinLengthA>
			<RhoA>6.000000000e+00</RhoA>
			<CushionA>1.000000047e-03</CushionA>
			<ModeA>0</ModeA>
			<RiskFactorA>3.000000000e+00</RiskFactorA>
			<ClearHistoryA>1</ClearHistoryA>
			<MultiplicityB>2</MultiplicityB>
			<MultiplierB>2.000000000e+00</MultiplierB>
			<StopMultiplierB>2.000000000e+00</StopMultiplierB>
			<TargetMultiplierB>2.000000000e+00</TargetMultiplierB>
			<RebalanceB>0</RebalanceB>
		<ReplaceModeB>0</ReplaceModeB><MaxPositionsB>2</MaxPositionsB><HedgedSeries2B>1</HedgedSeries2B><Contracts>10</Contracts></item>
		<item>
			<Key>CME_FVU7,CME_TYU7</Key>
			<Symbol>Hayek</Symbol><Start>1.000000000e+00</Start>
			<End>1.550000000e+01</End>
			<Scale>0</Scale>
			<Intraday>0</Intraday>
			<HoldingPeriod>2</HoldingPeriod>
			<OpenPassive>0</OpenPassive>
			<ClosePassive>0</ClosePassive>
			<MinLengthA>100</MinLengthA>
			<RhoA>6.000000000e+00</RhoA>
			<CushionA>1.000000047e-03</CushionA>
			<ModeA>0</ModeA>
			<RiskFactorA>3.000000000e+00</RiskFactorA>
			<ClearHistoryA>1</ClearHistoryA>
			<MultiplicityB>2</MultiplicityB>
			<MultiplierB>2.000000000e+00</MultiplierB>
			<StopMultiplierB>2.000000000e+00</StopMultiplierB>
			<TargetMultiplierB>2.000000000e+00</TargetMultiplierB>
			<RebalanceB>0</RebalanceB>
		<ReplaceModeB>0</ReplaceModeB><MaxPositionsB>1</MaxPositionsB><HedgedSeries2B>0</HedgedSeries2B><Contracts>0</Contracts></item>
		<item>
			<Key>CME_FVU7</Key>
			<Symbol> </Symbol><Start>1.000000000e+00</Start>
			<End>1.550000000e+01</End>
			<Scale>0</Scale>
			<Intraday>0</Intraday>
			<HoldingPeriod>2</HoldingPeriod>
			<OpenPassive>0</OpenPassive>
			<ClosePassive>0</ClosePassive>
			<MinLengthA>100</MinLengthA>
			<RhoA>6.000000000e+00</RhoA>
			<CushionA>1.000000047e-03</CushionA>
			<ModeA>0</ModeA>
			<RiskFactorA>3.000000000e+00</RiskFactorA>
			<ClearHistoryA>1</ClearHistoryA>
			<MultiplicityB>2</MultiplicityB>
			<MultiplierB>2.000000000e+00</MultiplierB>
			<StopMultiplierB>2.000000000e+00</StopMultiplierB>
			<TargetMultiplierB>2.000000000e+00</TargetMultiplierB>
			<RebalanceB>0</RebalanceB>
		<ReplaceModeB>0</ReplaceModeB><MaxPositionsB>2</MaxPositionsB><HedgedSeries2B>1</HedgedSeries2B><Contracts>10</Contracts></item>
		<item>
			<Key>CME_TYU7</Key>
			<Symbol> </Symbol><Start>1.000000000e+00</Start>
			<End>1.550000000e+01</End>
			<Scale>0</Scale>
			<Intraday>0</Intraday>
			<HoldingPeriod>2</HoldingPeriod>
			<OpenPassive>0</OpenPassive>
			<ClosePassive>0</ClosePassive>
			<MinLengthA>100</MinLengthA>
			<RhoA>6.000000000e+00</RhoA>
			<CushionA>1.000000047e-03</CushionA>
			<ModeA>0</ModeA>
			<RiskFactorA>3.000000000e+00</RiskFactorA>
			<ClearHistoryA>1</ClearHistoryA>
			<MultiplicityB>2</MultiplicityB>
			<MultiplierB>2.000000000e+00</MultiplierB>
			<StopMultiplierB>2.000000000e+00</StopMultiplierB>
			<TargetMultiplierB>2.000000000e+00</TargetMultiplierB>
			<RebalanceB>0</RebalanceB>
		<ReplaceModeB>0</ReplaceModeB><MaxPositionsB>2</MaxPositionsB><HedgedSeries2B>1</HedgedSeries2B><Contracts>10</Contracts></item>
		<item>
			<Key>CME_FVU7,CME_USU7</Key>
			<Symbol>Marx</Symbol><Start>1.000000000e+00</Start>
			<End>1.550000000e+01</End>
			<Scale>0</Scale>
			<Intraday>0</Intraday>
			<HoldingPeriod>2</HoldingPeriod>
			<OpenPassive>0</OpenPassive>
			<ClosePassive>0</ClosePassive>
			<MinLengthA>100</MinLengthA>
			<RhoA>6.000000000e+00</RhoA>
			<CushionA>1.000000047e-03</CushionA>
			<ModeA>0</ModeA>
			<RiskFactorA>3.000000000e+00</RiskFactorA>
			<ClearHistoryA>1</ClearHistoryA>
			<MultiplicityB>2</MultiplicityB>
			<MultiplierB>2.000000000e+00</MultiplierB>
			<StopMultiplierB>2.000000000e+00</StopMultiplierB>
			<TargetMultiplierB>2.000000000e+00</TargetMultiplierB>
			<RebalanceB>0</RebalanceB>
		<ReplaceModeB>0</ReplaceModeB><MaxPositionsB>1</MaxPositionsB><HedgedSeries2B>0</HedgedSeries2B><Contracts>0</Contracts></item>
		<item>
			<Key>CME_USU7</Key>
			<Symbol> </Symbol><Start>1.000000000e+00</Start>
			<End>1.550000000e+01</End>
			<Scale>0</Scale>
			<Intraday>0</Intraday>
			<HoldingPeriod>2</HoldingPeriod>
			<OpenPassive>0</OpenPassive>
			<ClosePassive>0</ClosePassive>
			<MinLengthA>100</MinLengthA>
			<RhoA>6.000000000e+00</RhoA>
			<CushionA>1.000000047e-03</CushionA>
			<ModeA>0</ModeA>
			<RiskFactorA>3.000000000e+00</RiskFactorA>
			<ClearHistoryA>1</ClearHistoryA>
			<MultiplicityB>2</MultiplicityB>
			<MultiplierB>2.000000000e+00</MultiplierB>
			<StopMultiplierB>2.000000000e+00</StopMultiplierB>
			<TargetMultiplierB>2.000000000e+00</TargetMultiplierB>
			<RebalanceB>0</RebalanceB>
		<ReplaceModeB>0</ReplaceModeB><MaxPositionsB>2</MaxPositionsB><HedgedSeries2B>1</HedgedSeries2B><Contracts>10</Contracts></item>
		<item>
			<Key>CME_TYU7,CME_USU7</Key>
			<Symbol>Nash</Symbol><Start>1.000000000e+00</Start>
			<End>1.550000000e+01</End>
			<Scale>0</Scale>
			<Intraday>0</Intraday>
			<HoldingPeriod>2</HoldingPeriod>
			<OpenPassive>0</OpenPassive>
			<ClosePassive>0</ClosePassive>
			<MinLengthA>100</MinLengthA>
			<RhoA>6.000000000e+00</RhoA>
			<CushionA>1.000000047e-03</CushionA>
			<ModeA>0</ModeA>
			<RiskFactorA>3.000000000e+00</RiskFactorA>
			<ClearHistoryA>1</ClearHistoryA>
			<MultiplicityB>2</MultiplicityB>
			<MultiplierB>2.000000000e+00</MultiplierB>
			<StopMultiplierB>2.000000000e+00</StopMultiplierB>
			<TargetMultiplierB>2.000000000e+00</TargetMultiplierB>
			<RebalanceB>0</RebalanceB>
		<ReplaceModeB>0</ReplaceModeB><MaxPositionsB>1</MaxPositionsB><HedgedSeries2B>0</HedgedSeries2B><Contracts>0</Contracts></item>
		<item>
			<Key>CME_TUU7,CME_USU7</Key>
			<Symbol>Keynes</Symbol><Start>1.000000000e+00</Start>
			<End>1.550000000e+01</End>
			<Scale>0</Scale>
			<Intraday>0</Intraday>
			<HoldingPeriod>2</HoldingPeriod>
			<OpenPassive>0</OpenPassive>
			<ClosePassive>0</ClosePassive>
			<MinLengthA>100</MinLengthA>
			<RhoA>6.000000000e+00</RhoA>
			<CushionA>1.000000047e-03</CushionA>
			<ModeA>0</ModeA>
			<RiskFactorA>3.000000000e+00</RiskFactorA>
			<ClearHistoryA>1</ClearHistoryA>
			<MultiplicityB>2</MultiplicityB>
			<MultiplierB>2.000000000e+00</MultiplierB>
			<StopMultiplierB>2.000000000e+00</StopMultiplierB>
			<TargetMultiplierB>2.000000000e+00</TargetMultiplierB>
			<RebalanceB>0</RebalanceB>
		<ReplaceModeB>0</ReplaceModeB><MaxPositionsB>1</MaxPositionsB><HedgedSeries2B>0</HedgedSeries2B><Contracts>0</Contracts></item>
		<item>
			<Key>CME_TUU7</Key>
			<Symbol> </Symbol><Start>1.000000000e+00</Start>
			<End>1.550000000e+01</End>
			<Scale>0</Scale>
			<Intraday>0</Intraday>
			<HoldingPeriod>2</HoldingPeriod>
			<OpenPassive>0</OpenPassive>
			<ClosePassive>0</ClosePassive>
			<MinLengthA>100</MinLengthA>
			<RhoA>6.000000000e+00</RhoA>
			<CushionA>1.000000047e-03</CushionA>
			<ModeA>0</ModeA>
			<RiskFactorA>3.000000000e+00</RiskFactorA>
			<ClearHistoryA>1</ClearHistoryA>
			<MultiplicityB>2</MultiplicityB>
			<MultiplierB>2.000000000e+00</MultiplierB>
			<StopMultiplierB>2.000000000e+00</StopMultiplierB>
			<TargetMultiplierB>2.000000000e+00</TargetMultiplierB>
			<RebalanceB>0</RebalanceB>
		<ReplaceModeB>0</ReplaceModeB><MaxPositionsB>2</MaxPositionsB><HedgedSeries2B>1</HedgedSeries2B><Contracts>10</Contracts></item>
		<item>
			<Key>CME_TUU7,CME_TYU7</Key>
			<Symbol>Friedman</Symbol><Start>1.000000000e+00</Start>
			<End>1.550000000e+01</End>
			<Scale>0</Scale>
			<Intraday>0</Intraday>
			<HoldingPeriod>2</HoldingPeriod>
			<OpenPassive>0</OpenPassive>
			<ClosePassive>0</ClosePassive>
			<MinLengthA>100</MinLengthA>
			<RhoA>6.000000000e+00</RhoA>
			<CushionA>1.000000047e-03</CushionA>
			<ModeA>0</ModeA>
			<RiskFactorA>3.000000000e+00</RiskFactorA>
			<ClearHistoryA>1</ClearHistoryA>
			<MultiplicityB>2</MultiplicityB>
			<MultiplierB>2.000000000e+00</MultiplierB>
			<StopMultiplierB>2.000000000e+00</StopMultiplierB>
			<TargetMultiplierB>2.000000000e+00</TargetMultiplierB>
			<RebalanceB>0</RebalanceB>
		<ReplaceModeB>0</ReplaceModeB><MaxPositionsB>1</MaxPositionsB><HedgedSeries2B>0</HedgedSeries2B><Contracts>0</Contracts></item>
		<item>
			<Key>CME_TYH8,CME_FVH8</Key>
			<Symbol> </Symbol><Start>1.000000000e+00</Start>
			<End>1.550000000e+01</End>
			<Scale>0</Scale>
			<Intraday>0</Intraday>
			<HoldingPeriod>2</HoldingPeriod>
			<OpenPassive>0</OpenPassive>
			<ClosePassive>0</ClosePassive>
			<MinLengthA>100</MinLengthA>
			<RhoA>6.000000000e+00</RhoA>
			<CushionA>1.000000047e-03</CushionA>
			<ModeA>0</ModeA>
			<RiskFactorA>3.000000000e+00</RiskFactorA>
			<ClearHistoryA>1</ClearHistoryA>
			<MultiplicityB>2</MultiplicityB>
			<MultiplierB>2.000000000e+00</MultiplierB>
			<StopMultiplierB>2.000000000e+00</StopMultiplierB>
			<TargetMultiplierB>2.000000000e+00</TargetMultiplierB>
			<RebalanceB>0</RebalanceB>
		<ReplaceModeB>0</ReplaceModeB><MaxPositionsB>2</MaxPositionsB><HedgedSeries2B>1</HedgedSeries2B><Contracts>10</Contracts></item>
		<item>
			<Key>CME_TYH5</Key>
			<Symbol> </Symbol><Start>1.000000000e+00</Start>
			<End>1.550000000e+01</End>
			<Scale>0</Scale>
			<Intraday>0</Intraday>
			<HoldingPeriod>2</HoldingPeriod>
			<OpenPassive>0</OpenPassive>
			<ClosePassive>0</ClosePassive>
			<MinLengthA>100</MinLengthA>
			<RhoA>6.000000000e+00</RhoA>
			<CushionA>1.000000047e-03</CushionA>
			<ModeA>0</ModeA>
			<RiskFactorA>3.000000000e+00</RiskFactorA>
			<ClearHistoryA>1</ClearHistoryA>
			<MultiplicityB>2</MultiplicityB>
			<MultiplierB>2.000000000e+00</MultiplierB>
			<StopMultiplierB>2.000000000e+00</StopMultiplierB>
			<TargetMultiplierB>2.000000000e+00</TargetMultiplierB>
			<RebalanceB>0</RebalanceB>
		<ReplaceModeB>0</ReplaceModeB><MaxPositionsB>2</MaxPositionsB><HedgedSeries2B>1</HedgedSeries2B><Contracts>10</Contracts></item>
		<item>
			<Key>CME_FVH5</Key>
			<Symbol> </Symbol><Start>1.000000000e+00</Start>
			<End>1.550000000e+01</End>
			<Scale>0</Scale>
			<Intraday>0</Intraday>
			<HoldingPeriod>2</HoldingPeriod>
			<OpenPassive>0</OpenPassive>
			<ClosePassive>0</ClosePassive>
			<MinLengthA>100</MinLengthA>
			<RhoA>6.000000000e+00</RhoA>
			<CushionA>1.000000047e-03</CushionA>
			<ModeA>0</ModeA>
			<RiskFactorA>3.000000000e+00</RiskFactorA>
			<ClearHistoryA>1</ClearHistoryA>
			<MultiplicityB>2</MultiplicityB>
			<MultiplierB>2.000000000e+00</MultiplierB>
			<StopMultiplierB>2.000000000e+00</StopMultiplierB>
			<TargetMultiplierB>2.000000000e+00</TargetMultiplierB>
			<RebalanceB>0</RebalanceB>
		<ReplaceModeB>0</ReplaceModeB><MaxPositionsB>2</MaxPositionsB><HedgedSeries2B>1</HedgedSeries2B><Contracts>10</Contracts></item>
		<item>
			<Key>CME_TYH5,CME_FVH5</Key>
			<Symbol> </Symbol><Start>1.000000000e+00</Start>
			<End>1.550000000e+01</End>
			<Scale>0</Scale>
			<Intraday>0</Intraday>
			<HoldingPeriod>2</HoldingPeriod>
			<OpenPassive>0</OpenPassive>
			<ClosePassive>0</ClosePassive>
			<MinLengthA>100</MinLengthA>
			<RhoA>6.000000000e+00</RhoA>
			<CushionA>1.000000047e-03</CushionA>
			<ModeA>0</ModeA>
			<RiskFactorA>3.000000000e+00</RiskFactorA>
			<ClearHistoryA>1</ClearHistoryA>
			<MultiplicityB>2</MultiplicityB>
			<MultiplierB>2.000000000e+00</MultiplierB>
			<StopMultiplierB>2.000000000e+00</StopMultiplierB>
			<TargetMultiplierB>2.000000000e+00</TargetMultiplierB>
			<RebalanceB>0</RebalanceB>
		<ReplaceModeB>0</ReplaceModeB><MaxPositionsB>2</MaxPositionsB><HedgedSeries2B>1</HedgedSeries2B><Contracts>10</Contracts></item>
	</m_npVector>
</npVector>
</boost_serialization>