<?xml version="1.0" encoding="UTF-8" standalone="yes" ?>
<!DOCTYPE boost_serialization>
<boost_serialization signature="serialization::archive" version="16">
<npVector class_id="0" tracking_level="0" version="0">
	<m_npVector class_id="1" tracking_level="0" version="0">
		<count>10</count>
		<item_version>0</item_version>
		<item>
			<Key>CME_ESM9</Key>
            <Symbol></Symbol>
			<Frequency>15m</Frequency>
			<Start>0.000000000e+00</Start>
			<End>2.400000000e+01</End>
			<Scale>0</Scale>
			<Intraday>0</Intraday>
			<HoldingPeriod>2</HoldingPeriod>									
			<OpenPassive>0</OpenPassive>
			<ClosePassive>0</ClosePassive>
			<MinLengthA>100</MinLengthA>
			<RhoA>6.000000000e+00</RhoA>
			<CushionA>1.000000047e-03</CushionA>
			<ModeA>0</ModeA>
			<RiskFactorA>3.000000000e+00</RiskFactorA>
			<ClearHistoryA>0</ClearHistoryA>
			<MultiplicityB>2</MultiplicityB>
			<MultiplierB>2.000000000e+00</MultiplierB>
			<StopMultiplierB>2.000000000e+00</StopMultiplierB>
			<TargetMultiplierB>2.000000000e+00</TargetMultiplierB>
			<RebalanceB>0</RebalanceB>
			<ReplaceModeB>0</ReplaceModeB>
			<MaxPositionsB>1</MaxPositionsB>           
			<HedgedSeries2B>0</HedgedSeries2B>  
 			<Contracts>1</Contracts>            
		</item>
        <item>
			<Key>CME_NQM9</Key>
            <Symbol></Symbol>            
			<Frequency>15m</Frequency>
            <Start>1.000000000e+00</Start>
			<End>1.550000000e+01</End>
			<Scale>0</Scale>
			<Intraday>0</Intraday>
			<HoldingPeriod>2</HoldingPeriod>
			<OpenPassive>0</OpenPassive>
			<ClosePassive>0</ClosePassive>
			<MinLengthA>100</MinLengthA>
			<RhoA>6</RhoA>
			<CushionA>2</CushionA>
			<ModeA>0</ModeA>
			<RiskFactorA>3.000000000e+00</RiskFactorA>
			<ClearHistoryA>0</ClearHistoryA>
			<MultiplicityB>2</MultiplicityB>
			<MultiplierB>2.000000000e+00</MultiplierB>
			<StopMultiplierB>2.000000000e+00</StopMultiplierB>
			<TargetMultiplierB>2.000000000e+00</TargetMultiplierB>
			<RebalanceB>0</RebalanceB>
			<ReplaceModeB>0</ReplaceModeB>
			<MaxPositionsB>1</MaxPositionsB>             
 			<HedgedSeries2B>0</HedgedSeries2B>  
			<Contracts>1</Contracts> 
        </item>
		<item>
			<Key>CBOT_FVM9</Key>
            <Symbol></Symbol>            
			<Frequency>15m</Frequency>
			<Start>1.000000000e+00</Start>
			<End>2.350000000e+01</End>
			<Scale>0</Scale>
			<Intraday>0</Intraday>
			<HoldingPeriod>2</HoldingPeriod>					
			<OpenPassive>0</OpenPassive>
			<ClosePassive>0</ClosePassive>
			<MinLengthA>100</MinLengthA>
			<RhoA>6.000000000e+00</RhoA>
			<CushionA>1.000000047e-03</CushionA>
			<ModeA>0</ModeA>
			<RiskFactorA>3.000000000e+00</RiskFactorA>
			<ClearHistoryA>1</ClearHistoryA>
			<MultiplicityB>2</MultiplicityB>
			<MultiplierB>2.000000000e+00</MultiplierB>
			<StopMultiplierB>2.000000000e+00</StopMultiplierB>
			<TargetMultiplierB>2.000000000e+00</TargetMultiplierB>
			<RebalanceB>0</RebalanceB>
			<ReplaceModeB>0</ReplaceModeB>            
			<MaxPositionsB>1</MaxPositionsB>             
 			<HedgedSeries2B>0</HedgedSeries2B>  
			<Contracts>1</Contracts> 
        </item>	
		<item>
			<Key>CBOT_TYM9</Key>
            <Symbol></Symbol>            
			<Frequency>15m</Frequency>
			<Start>1.000000000e+00</Start>
			<End>2.350000000e+01</End>
			<Scale>0</Scale>
			<Intraday>0</Intraday>
			<HoldingPeriod>2</HoldingPeriod>			
			<OpenPassive>0</OpenPassive>
			<ClosePassive>0</ClosePassive>
			<MinLengthA>100</MinLengthA>
			<RhoA>6.000000000e+00</RhoA>
			<CushionA>1.000000047e-03</CushionA>
			<ModeA>0</ModeA>
			<RiskFactorA>3.000000000e+00</RiskFactorA>
			<ClearHistoryA>1</ClearHistoryA>
			<MultiplicityB>2</MultiplicityB>
			<MultiplierB>2.000000000e+00</MultiplierB>
			<StopMultiplierB>2.000000000e+00</StopMultiplierB>
			<TargetMultiplierB>2.000000000e+00</TargetMultiplierB>
			<RebalanceB>0</RebalanceB>
			<ReplaceModeB>0</ReplaceModeB>
			<MaxPositionsB>1</MaxPositionsB>             
			<HedgedSeries2B>0</HedgedSeries2B>  
 			<Contracts>1</Contracts> 
        </item>	
		<item>
			<Key>HOTSPOT_EUR_USD</Key>
            <Symbol></Symbol>            
			<Frequency>15m</Frequency>
			<Start>1.000000000e+00</Start>
			<End>2.350000000e+01</End>
			<Scale>0</Scale>
			<Intraday>0</Intraday>
			<HoldingPeriod>2</HoldingPeriod>			
			<OpenPassive>0</OpenPassive>
			<ClosePassive>0</ClosePassive>
			<MinLengthA>100</MinLengthA>
			<RhoA>6.000000000e+00</RhoA>
			<CushionA>1.000000047e-03</CushionA>
			<ModeA>0</ModeA>
			<RiskFactorA>3.000000000e+00</RiskFactorA>
			<ClearHistoryA>1</ClearHistoryA>
			<MultiplicityB>2</MultiplicityB>
			<MultiplierB>2.000000000e+00</MultiplierB>
			<StopMultiplierB>2.000000000e+00</StopMultiplierB>
			<TargetMultiplierB>2.000000000e+00</TargetMultiplierB>
			<RebalanceB>0</RebalanceB>
			<ReplaceModeB>0</ReplaceModeB>
			<MaxPositionsB>1</MaxPositionsB>             
			<HedgedSeries2B>0</HedgedSeries2B>  
 			<Contracts>1000000</Contracts> 
        </item>
        <item>
			<Key>CME_ESM9,CME_NQM9</Key>
            <Symbol>Smith</Symbol>            
			<Frequency>1m</Frequency>
            <Start>1.000000000e+00</Start>
			<End>2.400000000e+01</End>
			<Scale>0</Scale>
			<Intraday>0</Intraday>
			<HoldingPeriod>2</HoldingPeriod>
			<OpenPassive>1</OpenPassive>
			<ClosePassive>1</ClosePassive>
			<MinLengthA>100</MinLengthA>
			<RhoA>6.000000000e+00</RhoA>
			<CushionA>1.000000047e-03</CushionA>
			<ModeA>0</ModeA>
			<RiskFactorA>3.000000000e+00</RiskFactorA>
			<ClearHistoryA>0</ClearHistoryA>
			<MultiplicityB>2</MultiplicityB>
			<MultiplierB>3</MultiplierB>
			<StopMultiplierB>6</StopMultiplierB>
			<TargetMultiplierB>6</TargetMultiplierB>
			<RebalanceB>0</RebalanceB>
			<ReplaceModeB>0</ReplaceModeB>
			<MaxPositionsB>2</MaxPositionsB>           
			<HedgedSeries2B>1</HedgedSeries2B>  
 			<Contracts>10</Contracts> 
        </item>
		<item>
			<Key>CBOT_FVM9,CBOT_TYM9</Key>
            <Symbol>Hayek</Symbol>                
			<Frequency>1m</Frequency>
            <Start>1.000000000e+00</Start>
			<End>1.550000000e+01</End>
			<Scale>0</Scale>
			<Intraday>0</Intraday>
			<HoldingPeriod>2</HoldingPeriod>
			<OpenPassive>1</OpenPassive>
			<ClosePassive>1</ClosePassive>
			<MinLengthA>100</MinLengthA>
			<RhoA>6.000000000e+00</RhoA>
			<CushionA>1.000000047e-03</CushionA>
			<ModeA>0</ModeA>
			<RiskFactorA>3.000000000e+00</RiskFactorA>
			<ClearHistoryA>0</ClearHistoryA>
			<MultiplicityB>2</MultiplicityB>
			<MultiplierB>3</MultiplierB>
			<StopMultiplierB>3</StopMultiplierB>
			<TargetMultiplierB>3</TargetMultiplierB>
			<RebalanceB>0</RebalanceB>
			<ReplaceModeB>0</ReplaceModeB>
			<MaxPositionsB>2</MaxPositionsB> 
			<HedgedSeries2B>1</HedgedSeries2B>              
 			<Contracts>10</Contracts>
		</item>            
		<item>
			<Key>CBOT_TUM9,CBOT_USM9</Key>
            <Symbol>Keynes</Symbol>    
			<Frequency>1m</Frequency>
            <Start>1.000000000e+00</Start>
			<End>1.550000000e+01</End>
			<Scale>0</Scale>
			<Intraday>0</Intraday>
			<HoldingPeriod>2</HoldingPeriod>
			<OpenPassive>1</OpenPassive>
			<ClosePassive>1</ClosePassive>
			<MinLengthA>100</MinLengthA>
			<RhoA>6.000000000e+00</RhoA>
			<CushionA>1.000000047e-03</CushionA>
			<ModeA>0</ModeA>
			<RiskFactorA>3.000000000e+00</RiskFactorA>
			<ClearHistoryA>0</ClearHistoryA>
			<MultiplicityB>2</MultiplicityB>
			<MultiplierB>3</MultiplierB>
			<StopMultiplierB>6</StopMultiplierB>
			<TargetMultiplierB>6</TargetMultiplierB>
			<RebalanceB>0</RebalanceB>
			<ReplaceModeB>0</ReplaceModeB>
			<MaxPositionsB>2</MaxPositionsB> 
			<HedgedSeries2B>1</HedgedSeries2B>              
 			<Contracts>10</Contracts>
        </item>
		<item>
			<Key>CBOT_TUM9,CBOT_TYM9</Key>
            <Symbol>Friedman</Symbol>                
			<Frequency>1m</Frequency>
            <Start>1.000000000e+00</Start>
			<End>1.550000000e+01</End>
			<Scale>0</Scale>
			<Intraday>0</Intraday>
			<HoldingPeriod>2</HoldingPeriod>
			<OpenPassive>0</OpenPassive>
			<ClosePassive>1</ClosePassive>
			<MinLengthA>100</MinLengthA>
			<RhoA>6.000000000e+00</RhoA>
			<CushionA>1.000000047e-03</CushionA>
			<ModeA>0</ModeA>
			<RiskFactorA>3.000000000e+00</RiskFactorA>
			<ClearHistoryA>0</ClearHistoryA>
			<MultiplicityB>2</MultiplicityB>
			<MultiplierB>2</MultiplierB>
			<StopMultiplierB>4</StopMultiplierB>
			<TargetMultiplierB>4</TargetMultiplierB>
			<RebalanceB>0</RebalanceB>
			<ReplaceModeB>0</ReplaceModeB>
			<MaxPositionsB>2</MaxPositionsB> 
			<HedgedSeries2B>0</HedgedSeries2B>              
 			<Contracts>10</Contracts>
        </item>
		<item>
			<Key>CME_ESM9,CME_1YMM9</Key>
            <Symbol>Buffet</Symbol>                
			<Frequency>1m</Frequency>
            <Start>1.000000000e+00</Start>
			<End>1.550000000e+01</End>
			<Scale>0</Scale>
			<Intraday>0</Intraday>
			<HoldingPeriod>2</HoldingPeriod>
			<OpenPassive>0</OpenPassive>
			<ClosePassive>1</ClosePassive>
			<MinLengthA>100</MinLengthA>
			<RhoA>6.000000000e+00</RhoA>
			<CushionA>1.000000047e-03</CushionA>
			<ModeA>0</ModeA>
			<RiskFactorA>3.000000000e+00</RiskFactorA>
			<ClearHistoryA>0</ClearHistoryA>
			<MultiplicityB>2</MultiplicityB>
			<MultiplierB>2</MultiplierB>
			<StopMultiplierB>2</StopMultiplierB>
			<TargetMultiplierB>2</TargetMultiplierB>
			<RebalanceB>0</RebalanceB>
			<ReplaceModeB>0</ReplaceModeB>
			<MaxPositionsB>2</MaxPositionsB> 
			<HedgedSeries2B>1</HedgedSeries2B>              
 			<Contracts>10</Contracts>            
		</item>        
	</m_npVector>
</npVector>
</boost_serialization>

